{
  "session_cost": 0.004185,
  "accumulated_cost": 0.004185
}